,GMT,PCP01,MPN
1,201705010051,0,
2,201705010151,0,
3,201705010251,0,
4,201705010351,0,
5,201705010451,0,
6,201705010551,0,
7,201705010651,0,
8,201705010751,0,
9,201705010851,0,
10,201705010951,0,
11,201705011051,0,
12,201705011151,0,
13,201705011251,0,
14,201705011351,0,
15,201705011451,0,
16,201705011551,0,
17,201705011651,0,
18,201705011751,0,
19,201705011851,0,
20,201705011951,0,
21,201705012051,0,
22,201705012151,0,
23,201705012251,0,
24,201705012351,0,
25,201705020051,0,
26,201705020151,0,
27,201705020251,0,
28,201705020351,0,
29,201705020451,0,
30,201705020551,0,
31,201705020651,0,
32,201705020751,0,
33,201705020851,0,
34,201705020951,0,
35,201705021051,0,
36,201705021151,0,
37,201705021251,0,
38,201705021351,0,
39,201705021451,0,
40,201705021551,0,
41,201705021651,0,
42,201705021751,0,
43,201705021851,0,
44,201705021951,0,
45,201705022051,0,
46,201705022151,0,
47,201705022251,0,
48,201705022351,0,
49,201705030051,0,
50,201705030151,0,
51,201705030251,0,
52,201705030351,0,
53,201705030451,0,
54,201705030551,0,
55,201705030651,0,
56,201705030751,0,
57,201705030851,0,
58,201705030951,0,
59,201705031051,0,
60,201705031151,0,
61,201705031251,0,
62,201705031351,0,
63,201705031451,0,
64,201705031551,0,
65,201705031651,0,
66,201705031751,0,
67,201705031851,0,
68,201705031951,0,
69,201705032051,0,
70,201705032151,0,
71,201705032251,0,
72,201705032351,0,
73,201705040051,0,
74,201705040151,0,
75,201705040251,0,
76,201705040351,0,
77,201705040451,0,
78,201705040551,0,
79,201705040651,0,
80,201705040751,0,
81,201705040851,0,
82,201705040951,0,
83,201705041051,0,
84,201705041151,0,
85,201705041251,0,
86,201705041351,0,
87,201705041451,0,
88,201705041551,0,
89,201705041651,0,
90,201705041751,0,
91,201705041851,0,
92,201705041951,0,
93,201705042051,0,
94,201705042151,0,
95,201705042251,0,
96,201705042351,0,
97,201705050051,0,
98,201705050151,0,
99,201705050251,0,
100,201705050351,0,
101,201705050451,0,
102,201705050551,0,
103,201705050651,0,
104,201705050751,0,
105,201705050851,0,
106,201705050951,0,
107,201705051051,0,
0,201705051151,0.02,
1,201705051251,0.01,
2,201705051351,0.02,
3,201705051451,0.06,
4,201705051551,0.61,
5,201705051651,0.97,
6,201705051751,1.15,
7,201705051850,0.16,
8,201705051951,0,
9,201705052051,0.01,
10,201705052151,0,
11,201705052251,0,
12,201705052351,0,
13,201705060051,0,
14,201705060151,0,
15,201705060251,0.01,
16,201705060351,0,
17,201705060451,0,
18,201705060551,0,
19,201705060651,0.18,
20,201705060751,0,
21,201705060851,0,
22,201705060951,0,
23,201705061051,0,
24,201705061151,0,
25,201705061251,0,
26,201705061351,0,
27,201705061451,0,
28,201705061551,0,
29,201705061651,0,
30,201705061751,0,
31,201705061851,0,
32,201705061951,0,
33,201705062051,0,
34,201705062151,0,
35,201705062251,0,
36,201705062351,0,
37,201705070051,0,
38,201705070151,0,
39,201705070251,0,
40,201705070351,0,
41,201705070451,0,
42,201705070551,0,
43,201705070651,0,
44,201705070751,0,
45,201705070851,0,
46,201705070951,0,
47,201705071051,0,
48,201705071151,0,
49,201705071251,0,
50,201705071351,0,
51,201705071451,0,
52,201705071551,0,
53,201705071651,0,
54,201705071751,0,
55,201705071851,0,
56,201705071951,0,
57,201705072051,0,
58,201705072151,0.01,
59,201705072251,0,
60,201705072351,0,
61,201705080051,0,
62,201705080151,0,
63,201705080251,0,
64,201705080351,0,
65,201705080451,0,
66,201705080551,0,
67,201705080651,0,
68,201705080751,0,
69,201705080851,0,
70,201705080951,0,
71,201705081051,0,
72,201705081151,0,
73,201705081251,0,
74,201705081351,0,
75,201705081451,0,
76,201705081551,0,
77,201705081651,0,
78,201705081751,0,
79,201705081851,0,
80,201705081951,0,
81,201705082051,0,
82,201705082151,0,
83,201705082251,0,
84,201705082351,0,
85,201705090051,0,
86,201705090151,0,
87,201705090251,0,
88,201705090351,0,
89,201705090451,0,
90,201705090551,0,
91,201705090651,0,
92,201705090751,0,
93,201705090851,0,
94,201705090951,0,
95,201705091051,0,
96,201705091151,0,
97,201705091251,0,
98,201705091351,0,
99,201705091451,0,
100,201705091551,0,
101,201705091651,0,
102,201705091751,0,
103,201705091851,0,
104,201705091951,0,
105,201705092051,0,
106,201705092151,0,
107,201705092251,0,
108,201705092351,0,
109,201705100051,0,
110,201705100151,0,
111,201705100251,0,
112,201705100351,0,
113,201705100451,0,
114,201705100551,0,
115,201705100651,0,
116,201705100751,0,
117,201705100851,0,
118,201705100951,0,
119,201705101051,0,
120,201705101151,0,
121,201705101251,0,
122,201705101351,0,
123,201705101451,0,
124,201705101551,0,
125,201705101651,0,
126,201705101751,0,
127,201705101851,0,
128,201705101951,0,
129,201705102051,0,
130,201705102151,0,
131,201705102251,0,
132,201705102351,0,
133,201705110051,0,
134,201705110151,0,
135,201705110251,0,
136,201705110351,0,
137,201705110451,0,
138,201705110551,0,
139,201705110651,0,
140,201705110751,0,
141,201705110851,0,
142,201705110951,0,
143,201705111051,0,
144,201705111151,0,
145,201705111251,0,
146,201705111351,0,
147,201705111451,0,
148,201705111551,0,
149,201705111651,0,
150,201705111751,0,
151,201705111851,0,
152,201705111951,0,
153,201705112051,0,
154,201705112151,0,
155,201705112251,0,
156,201705112351,0,
157,201705120051,0,
158,201705120151,0,
159,201705120251,0,
160,201705120351,0,
161,201705120451,0,
162,201705120551,0,
163,201705120651,0,
164,201705120751,0,
165,201705120851,0,
166,201705120951,0,
167,201705121051,0,
168,201705121151,0,
169,201705121251,0,
170,201705121351,0,
171,201705121451,0,
172,201705121551,0,
173,201705121651,0,
174,201705121751,0,
175,201705121851,0,
176,201705121951,0,
177,201705122051,0,
178,201705122151,0,
179,201705122251,0,
180,201705122351,0,
181,201705130051,0,
182,201705130151,0,
183,201705130251,0,
184,201705130351,0,
185,201705130451,0,
186,201705130551,0,
187,201705130651,0,
188,201705130751,0,
189,201705130851,0.02,
190,201705130951,0.02,
191,201705131051,0.04,
192,201705131151,0.03,
193,201705131251,0.05,
194,201705131351,0.08,
195,201705131451,0.07,
196,201705131551,0.07,
197,201705131651,0.05,
198,201705131751,0.12,
199,201705131851,0.15,
200,201705131951,0.13,
201,201705132051,0.13,
202,201705132151,0.12,
203,201705132251,0.14,
204,201705132351,0.06,
205,201705140051,0.09,
206,201705140151,0.13,
207,201705140251,0.06,
208,201705140351,0.03,
209,201705140451,0.02,
210,201705140551,0,
211,201705140651,0,
212,201705140751,0,
213,201705140851,0,
214,201705140951,0,
215,201705141051,0,
216,201705141151,0,
217,201705141251,0,
218,201705141351,0,
219,201705141451,0,
220,201705141551,0,
221,201705141651,0,
222,201705141751,0,
223,201705141851,0,
224,201705141951,0,
225,201705142051,0,
226,201705142151,0.02,
227,201705142251,0,
228,201705142351,0,
229,201705150051,0,
230,201705150151,0,
231,201705150251,0,
232,201705150351,0,
233,201705150451,0,
234,201705150551,0,
235,201705150651,0,
236,201705150751,0,
237,201705150851,0,
238,201705150951,0,
239,201705151051,0,
240,201705151151,0,
241,201705151251,0,
242,201705151351,0,
243,201705151451,0,
244,201705151551,0,
245,201705151651,0,
246,201705151751,0,
247,201705151851,0,
248,201705151951,0,
249,201705152051,0,
250,201705152151,0,
251,201705152251,0,
252,201705152351,0,
253,201705160051,0,
254,201705160151,0,
255,201705160251,0,
256,201705160351,0,
257,201705160451,0,
258,201705160551,0,
259,201705160651,0,
260,201705160751,0,
261,201705160851,0,
262,201705160951,0,
263,201705161051,0,
264,201705161151,0,
265,201705161251,0,
266,201705161351,0,
267,201705161451,0,
268,201705161551,0,
269,201705161651,0,
270,201705161751,0,
271,201705161851,0,
272,201705161951,0,
273,201705162051,0,
274,201705162151,0,
275,201705162251,0,
276,201705162351,0,
277,201705170051,0,
278,201705170151,0,
279,201705170251,0,
280,201705170351,0,
281,201705170451,0,
282,201705170551,0,
283,201705170651,0,
284,201705170751,0,
285,201705170851,0,
286,201705170951,0,
287,201705171051,0,
288,201705171151,0,
289,201705171251,0,
290,201705171351,0,
291,201705171451,0,
292,201705171551,0,
293,201705171651,0,
294,201705171751,0,
295,201705171851,0,
296,201705171951,0,
297,201705172051,0,
298,201705172151,0,
299,201705172251,0,
300,201705172351,0,
301,201705180051,0,
302,201705180151,0,
303,201705180251,0,
304,201705180351,0,
305,201705180451,0,
306,201705180551,0,
307,201705180651,0,
308,201705180751,0,
309,201705180851,0,
310,201705180951,0,
311,201705181051,0,
312,201705181151,0,
313,201705181251,0,
314,201705181351,0,
315,201705181451,0,
316,201705181551,0,
317,201705181651,0,
318,201705181751,0,
319,201705181851,0,
320,201705181951,0,
321,201705182051,0,
322,201705182151,0,
323,201705182251,0,
324,201705182351,0,
325,201705190051,0,
326,201705190151,0,
327,201705190251,0,
328,201705190351,0,
329,201705190451,0,
330,201705190551,0,
331,201705190651,0,
332,201705190751,0,
333,201705190851,0,
334,201705190951,0,
335,201705191051,0,
336,201705191151,0,
337,201705191251,0,
338,201705191351,0,
339,201705191451,0,
340,201705191551,0,
341,201705191651,0,
342,201705191751,0,
343,201705191851,0,
344,201705191951,0,
345,201705192051,0,
346,201705192151,0,
347,201705192251,0,
348,201705192351,0,
349,201705200051,0,
350,201705200151,0,
351,201705200251,0,
352,201705200351,0,
353,201705200451,0,
354,201705200551,0,
355,201705200651,0,
356,201705200751,0,
357,201705200851,0,
358,201705200951,0,
359,201705201051,0.01,
360,201705201151,0,
361,201705201251,0,
362,201705201351,0,
363,201705201451,0,
364,201705201551,0,
365,201705201651,0,
366,201705201751,0,
367,201705201851,0,
368,201705201951,0,
369,201705202051,0,
370,201705202151,0,
371,201705202251,0,
372,201705202351,0,
373,201705210051,0,
374,201705210151,0,
375,201705210251,0,
376,201705210351,0,
377,201705210451,0,
378,201705210551,0,
379,201705210651,0,
380,201705210751,0,
381,201705210851,0,
382,201705210951,0,
383,201705211051,0,
384,201705211151,0,
385,201705211251,0,
386,201705211351,0,
387,201705211451,0,
388,201705211551,0,
389,201705211651,0,
390,201705211751,0,
391,201705211851,0,
392,201705211951,0,
393,201705212051,0,
394,201705212151,0,
395,201705212251,0,
396,201705212351,0,
397,201705220051,0,
398,201705220151,0,
399,201705220251,0,
400,201705220351,0,
401,201705220451,0,
402,201705220551,0,
403,201705220651,0,
0,201705220751,0.06,
1,201705220851,0.07,
2,201705220951,0,
3,201705221051,0,
4,201705221151,0,
5,201705221251,0,
6,201705221351,0.01,
7,201705221451,0.02,
8,201705221551,0.04,
9,201705221651,0.03,
10,201705221751,0.05,
11,201705221851,0.08,
12,201705221858,0.01,
13,201705221951,0.15,
14,201705222051,0.05,
15,201705222151,0.03,
16,201705222251,0,
17,201705222350,0,
18,201705230051,0,
19,201705230151,0,
20,201705230251,0,
21,201705230351,0,
22,201705230451,0,
23,201705230551,0,
24,201705230651,0,
25,201705230751,0,
26,201705230851,0,
27,201705230951,0,
28,201705231051,0,
29,201705231151,0,
30,201705231251,0,
31,201705231351,0,
32,201705231451,0,
33,201705231551,0,
34,201705231651,0,
35,201705231751,0,
36,201705231851,0,
37,201705231951,0,
38,201705232051,0,
39,201705232151,0,
40,201705232251,0,
41,201705232351,0,
42,201705240051,0,
43,201705240151,0,
44,201705240251,0,
45,201705240351,0,
46,201705240451,0,
47,201705240551,0,
48,201705240651,0,
49,201705240751,0,
50,201705240851,0,
0,201705240951,0.02,
1,201705241051,0.02,
2,201705241151,0,
3,201705241251,0,
4,201705241351,0,
5,201705241451,0,
6,201705241551,0,
7,201705241651,0,
8,201705241751,0,
9,201705241851,0,
10,201705241951,0,
11,201705242051,0,
12,201705242151,0,
13,201705242251,0,
14,201705242351,0,
15,201705250051,0,
16,201705250151,0,
17,201705250251,0,
18,201705250351,0,
19,201705250451,0,
20,201705250551,0,
21,201705250651,0,
22,201705250751,0,
23,201705250851,0,2755
0,201705250951,0.02,
1,201705251051,0.03,
2,201705251151,0.04,
3,201705251251,0.04,
4,201705251351,0.1,
5,201705251451,0.05,
6,201705251551,0.08,
7,201705251751,0.03,
8,201705251851,0.02,
9,201705251951,0.01,
10,201705252051,0,
11,201705252151,0,
12,201705252251,0,
13,201705252351,0,
14,201705260051,0,
15,201705260151,0,
16,201705260251,0,
17,201705260351,0.11,
18,201705260400,0.02,
19,201705260451,0.01,
20,201705260551,0,
21,201705260651,0.01,
22,201705260751,0,
23,201705260851,0.06,
24,201705260951,0.01,
25,201705261051,0.02,
26,201705261151,0,
27,201705261251,0,
28,201705261351,0,
29,201705261451,0,
30,201705261551,0,
31,201705261651,0,
32,201705261751,0,
33,201705261851,0,
34,201705261951,0,
35,201705262051,0,
36,201705262151,0,
37,201705262251,0,
38,201705262351,0,
39,201705270051,0,
40,201705270151,0,
41,201705270251,0,
42,201705270351,0,
43,201705270451,0,
44,201705270551,0,
45,201705270651,0,
46,201705270751,0,
47,201705270851,0,
48,201705270951,0,
49,201705271051,0,
50,201705271151,0,
51,201705271251,0,
52,201705271351,0,
53,201705271451,0,
54,201705271551,0,
55,201705271651,0,
56,201705271751,0,
57,201705271851,0,
58,201705271951,0,
59,201705272051,0,
60,201705272151,0,
61,201705272251,0,
62,201705272351,0,
63,201705280051,0,
64,201705280151,0,
65,201705280251,0,
66,201705280351,0,
67,201705280451,0,
68,201705280551,0,
69,201705280651,0,
70,201705280751,0,
71,201705280851,0,
72,201705280951,0,
73,201705281051,0,
74,201705281151,0,
75,201705281251,0,
76,201705281351,0,
77,201705281451,0,
78,201705281551,0,
79,201705281651,0,
80,201705281751,0,
81,201705281851,0,
82,201705281951,0,
83,201705282051,0,
84,201705282151,0,
85,201705282251,0,
86,201705282351,0,
87,201705290051,0,
88,201705290151,0,
89,201705290251,0,
90,201705290351,0,
91,201705290451,0,
92,201705290551,0,
93,201705290651,0,
94,201705290751,0.01,
95,201705290851,0.04,
96,201705290951,0.02,
97,201705291051,0.02,
98,201705291151,0,
99,201705291251,0,
100,201705291351,0,
101,201705291451,0.01,
102,201705291551,0.01,
103,201705291651,0.02,
104,201705291751,0,
105,201705291851,0,
106,201705291951,0,
107,201705292051,0,
108,201705292151,0,
109,201705292251,0,
110,201705292351,0,
111,201705300051,0,
112,201705300151,0,
113,201705300251,0,
114,201705300351,0,
115,201705300451,0,
116,201705300551,0,
117,201705300651,0,
118,201705300751,0,
119,201705300851,0,
120,201705300951,0,
121,201705301051,0,
122,201705301151,0,
123,201705301251,0,
124,201705301351,0,
125,201705301451,0,
126,201705301551,0,
127,201705301651,0,
128,201705301751,0,
129,201705301851,0.04,
130,201705301951,0,
131,201705302051,0,
132,201705302151,0,
133,201705302251,0,
134,201705302351,0,
135,201705310051,0,
136,201705310151,0,
137,201705310251,0.01,
138,201705310351,0.01,
139,201705310451,0,
140,201705310551,0,
141,201705310651,0,
142,201705310751,0,
143,201705310851,0,
144,201705310951,0,
145,201705311051,0.02,
146,201705311151,0.01,
147,201705311251,0,
148,201705311351,0,
149,201705311451,0,
150,201705311551,0,
151,201705311651,0,
152,201705311751,0,
153,201705311851,0,
154,201705311951,0,
155,201705312051,0,
156,201705312151,0,
157,201705312251,0,
158,201705312351,0,
159,201706010051,0,
160,201706010151,0,
161,201706010251,0,
162,201706010351,0,
163,201706010451,0,
164,201706010459,0,
165,201706010551,0,
166,201706010651,0,
167,201706010751,0,
168,201706010851,0,41
169,201706010951,0,
170,201706011051,0,
171,201706011151,0,
172,201706011251,0,
173,201706011351,0,
174,201706011451,0,
175,201706011551,0,
176,201706011651,0,
177,201706011751,0,
178,201706011851,0,
179,201706011951,0,
180,201706012051,0,
181,201706012151,0,
182,201706012251,0,
183,201706012351,0,
184,201706020051,0,
185,201706020151,0,
186,201706020251,0,
187,201706020351,0,
188,201706020451,0,
189,201706020551,0,
190,201706020651,0,
191,201706020751,0,
192,201706020851,0,
193,201706020951,0,
194,201706021051,0,
195,201706021151,0,
196,201706021251,0,
197,201706021351,0,
198,201706021451,0,
199,201706021551,0,
200,201706021651,0,
201,201706021751,0,
202,201706021851,0,
203,201706021951,0,
204,201706022051,0.01,
205,201706022151,0,
206,201706022251,0,
207,201706022351,0,
208,201706030051,0,
209,201706030151,0,
210,201706030251,0,
211,201706030351,0,
212,201706030451,0,
213,201706030551,0,
214,201706030651,0,
215,201706030751,0,
216,201706030851,0,
217,201706030951,0,
218,201706031051,0,
219,201706031151,0.01,
220,201706031251,0,
221,201706031351,0,
222,201706031451,0,
223,201706031551,0,
224,201706031651,0,
225,201706031751,0,
226,201706031851,0,
227,201706031951,0,
228,201706032051,0,
229,201706032151,0,
230,201706032251,0,
231,201706032351,0,
232,201706040051,0,
233,201706040151,0,
234,201706040251,0,
235,201706040351,0,
236,201706040451,0,
237,201706040551,0,
238,201706040651,0,
239,201706040751,0,
240,201706040851,0,
241,201706040951,0,
242,201706041051,0,
243,201706041151,0,
244,201706041251,0,
245,201706041351,0,
246,201706041451,0,
247,201706041551,0,
248,201706041651,0,
249,201706041751,0,
250,201706041851,0,
251,201706041951,0.02,
252,201706042051,0,
253,201706042151,0,
254,201706042251,0,
255,201706042351,0,
256,201706050051,0,
257,201706050151,0,
258,201706050251,0,
259,201706050351,0,
260,201706050451,0.07,
261,201706050551,0.01,
262,201706050651,0,
263,201706050751,0.01,
264,201706050851,0,
265,201706050951,0,
266,201706051051,0,
267,201706051151,0,
268,201706051251,0,
269,201706051351,0,
270,201706051451,0,
271,201706051551,0,
272,201706051651,0,
273,201706051751,0,
274,201706051851,0,
275,201706051951,0,
276,201706052051,0,
277,201706052151,0,
278,201706052251,0,
279,201706052351,0,
280,201706060051,0,
281,201706060151,0,
282,201706060251,0,
283,201706060351,0,
284,201706060451,0,
285,201706060551,0,
286,201706060651,0,
287,201706060751,0,
288,201706060851,0,
289,201706060951,0,
290,201706061051,0,
291,201706061151,0.01,
292,201706061251,0.02,
293,201706061351,0,
294,201706061451,0,
295,201706061551,0,
296,201706061651,0,
297,201706061751,0.03,
298,201706061851,0,
299,201706061951,0,
300,201706062051,0,
301,201706062151,0,
302,201706062251,0,
303,201706062351,0,
304,201706070051,0,
305,201706070151,0,
306,201706070251,0,
307,201706070351,0,
308,201706070451,0,
309,201706070551,0,
310,201706070651,0,
311,201706070751,0,
312,201706070851,0,
313,201706070951,0,
314,201706071051,0,
315,201706071151,0,
316,201706071251,0,
317,201706071351,0,
318,201706071451,0,
319,201706071551,0,
320,201706071651,0,
321,201706071751,0,
322,201706071851,0,
323,201706071951,0,
324,201706072051,0,
325,201706072151,0,
326,201706072251,0,
327,201706072351,0,
328,201706080051,0,
329,201706080151,0,
330,201706080251,0,
331,201706080351,0,
332,201706080451,0,
333,201706080551,0,
334,201706080651,0,
335,201706080751,0,
336,201706080851,0,5
337,201706080951,0,
338,201706081051,0,
339,201706081151,0,
340,201706081251,0,
341,201706081351,0,
342,201706081451,0,
343,201706081551,0,
344,201706081651,0,
345,201706081751,0,
346,201706081851,0,
347,201706081951,0,
348,201706082051,0,
349,201706082151,0,
350,201706082251,0,
351,201706082351,0,
352,201706090051,0,
353,201706090151,0,
354,201706090251,0,
355,201706090351,0,
356,201706090451,0,
357,201706090551,0,
358,201706090651,0,
359,201706090751,0,
360,201706090851,0,
361,201706090951,0,
362,201706091051,0,
363,201706091151,0,
364,201706091251,0,
365,201706091351,0,
366,201706091451,0,
367,201706091551,0,
368,201706091651,0,
369,201706091751,0,
370,201706091851,0,
371,201706091951,0,
372,201706092051,0,
373,201706092151,0,
374,201706092251,0,
375,201706092351,0,
376,201706100051,0,
377,201706100151,0,
378,201706100251,0,
379,201706100351,0,
380,201706100451,0,
381,201706100551,0,
382,201706100651,0,
383,201706100751,0,
384,201706100851,0,
385,201706100951,0,
386,201706101051,0,
387,201706101151,0,
388,201706101251,0,
389,201706101351,0,
390,201706101451,0,
391,201706101551,0,
392,201706101651,0,
393,201706101751,0,
394,201706101851,0,
395,201706101951,0,
396,201706102051,0,
397,201706102151,0,
398,201706102251,0,
399,201706102351,0,
400,201706110051,0,
401,201706110151,0,
402,201706110251,0,
403,201706110351,0,
404,201706110451,0,
405,201706110551,0,
406,201706110651,0,
407,201706110751,0,
408,201706110851,0,
409,201706110951,0,
410,201706111051,0,
411,201706111151,0,
412,201706111251,0,
413,201706111351,0,
414,201706111451,0,
415,201706111551,0,
416,201706111651,0,
417,201706111751,0,
418,201706111851,0,
419,201706111951,0,
420,201706112051,0,
421,201706112151,0,
422,201706112251,0,
423,201706112351,0,
424,201706120051,0,
425,201706120151,0,
426,201706120251,0,
427,201706120351,0,
428,201706120451,0,
429,201706120551,0,
430,201706120651,0,
431,201706120751,0,
432,201706120851,0,
433,201706120951,0,
434,201706121051,0,
435,201706121151,0,
436,201706121251,0,
437,201706121351,0,
438,201706121451,0,
439,201706121551,0,
440,201706121651,0,
441,201706121751,0,
442,201706121851,0,
443,201706121951,0,
444,201706122051,0,
445,201706122151,0,
446,201706122251,0,
447,201706122351,0,
448,201706130051,0,
449,201706130151,0,
450,201706130251,0,
451,201706130351,0,
452,201706130451,0,
453,201706130551,0,
454,201706130651,0,
455,201706130751,0,
456,201706130851,0,
457,201706130951,0,
458,201706131051,0,
459,201706131151,0,
460,201706131251,0,
461,201706131351,0,
462,201706131451,0,
463,201706131551,0,
464,201706131651,0,
465,201706131751,0,
466,201706131851,0,
467,201706131951,0,
468,201706132051,0,
469,201706132151,0,
470,201706132251,0,
471,201706132351,0,
472,201706140051,0,
473,201706140151,0,
474,201706140251,0,
475,201706140351,0,
476,201706140451,0,
477,201706140551,0,
478,201706140651,0,
479,201706140751,0,
480,201706140851,0,
481,201706140951,0.06,
482,201706141051,0,
483,201706141151,0.23,
484,201706141159,0.02,
485,201706141251,0,
486,201706141351,0,
487,201706141451,0,
488,201706141551,0,
489,201706141651,0,
490,201706141751,0,
491,201706141851,0,
492,201706141951,0,
493,201706142051,0,
494,201706142151,0,
495,201706142251,0,
496,201706142351,0,
497,201706150051,0,
498,201706150151,0,
499,201706150251,0,
500,201706150351,0,
501,201706150451,0,
502,201706150551,0,
503,201706150651,0,
504,201706150751,0,
505,201706150851,0,
506,201706150951,0,10
507,201706151051,0,
508,201706151151,0,
509,201706151251,0,
510,201706151351,0,
511,201706151451,0,
512,201706151551,0,
513,201706151651,0,
514,201706151751,0,
515,201706151851,0,
516,201706151951,0,
517,201706152051,0,
518,201706152151,0,
519,201706152251,0,
520,201706152351,0,
521,201706160051,0,
522,201706160151,0,
523,201706160251,0,
524,201706160351,0,
525,201706160451,0,
526,201706160551,0,
527,201706160651,0,
528,201706160751,0,
529,201706160851,0,
530,201706160951,0,
531,201706161051,0,
532,201706161151,0,
533,201706161251,0,
534,201706161351,0,
535,201706161451,0,
536,201706161551,0,
537,201706161651,0,
538,201706161751,0,
539,201706161851,0,
540,201706161951,0,
541,201706162051,0,
542,201706162151,0,
543,201706162251,0,
544,201706162351,0,
545,201706170051,0,
546,201706170151,0,
547,201706170251,0,
548,201706170351,0,
549,201706170451,0,
550,201706170551,0,
551,201706170651,0,
552,201706170751,0,
553,201706170851,0,
554,201706170951,0,
555,201706171051,0,
556,201706171151,0,
557,201706171251,0,
558,201706171351,0,
559,201706171451,0,
560,201706171551,0,
561,201706171651,0.38,
562,201706171751,0.67,
563,201706171851,0.34,
564,201706171951,0,
565,201706172051,0,
566,201706172151,0,
567,201706172251,0,
568,201706172351,0,
569,201706180051,0,
570,201706180151,0,
571,201706180251,0,
572,201706180351,0,
573,201706180451,0,
574,201706180551,0,
575,201706180651,0,
576,201706180751,0,
577,201706180851,0,
578,201706180951,0,
579,201706181051,0,
580,201706181151,0,
581,201706181251,0,
582,201706181351,0,
583,201706181451,0,
584,201706181551,0,
585,201706181651,0,
586,201706181751,0,
587,201706181851,0,
588,201706181951,0,
589,201706182051,0,
590,201706182151,0,
591,201706182251,0,
592,201706182351,0,
593,201706190051,0,
594,201706190151,0,
595,201706190251,0,
596,201706190351,0,
597,201706190451,0,
598,201706190551,0,
599,201706190651,0,
600,201706190751,0,
601,201706190851,0,
602,201706190951,0,
603,201706191051,0,
604,201706191151,0,
605,201706191251,0,
606,201706191351,0,
607,201706191451,0,
608,201706191551,0,
609,201706191651,0,
610,201706191751,0,
611,201706191851,0,
612,201706191951,0,
613,201706192051,0.33,
614,201706192151,0.52,
615,201706192153,0,
616,201706192251,0.28,
617,201706192253,0,
618,201706192351,0.08,
619,201706200051,0.05,
620,201706200151,0.02,
621,201706200251,0,
622,201706200351,0,
623,201706200451,0.07,
624,201706200551,0.02,
625,201706200651,0.01,
626,201706200751,0,
627,201706200851,0,
628,201706200951,0,
629,201706201051,0,
630,201706201151,0,
631,201706201251,0,
632,201706201351,0,
633,201706201451,0,
634,201706201551,0,
635,201706201651,0,
636,201706201751,0,
637,201706201851,0,
638,201706201951,0,
639,201706202051,0,
640,201706202151,0,
641,201706202251,0,
642,201706202351,0,
643,201706210051,0,
644,201706210151,0,
645,201706210251,0,
646,201706210351,0,
647,201706210451,0,
648,201706210551,0,
649,201706210651,0,
650,201706210751,0,
651,201706210851,0,
652,201706210951,0,
653,201706211051,0,
654,201706211151,0,
655,201706211251,0,
656,201706211351,0,
657,201706211451,0,
658,201706211551,0,
659,201706211651,0,
660,201706211751,0,
661,201706211851,0,
662,201706211951,0,
663,201706212051,0,
664,201706212151,0,
665,201706212251,0,
666,201706212351,0,
667,201706220051,0,
668,201706220151,0,
669,201706220251,0,
670,201706220351,0,
671,201706220451,0,
672,201706220551,0,
673,201706220651,0,
674,201706220751,0,
675,201706220851,0,
676,201706220951,0,86
677,201706221051,0,
678,201706221151,0,
679,201706221251,0,
680,201706221351,0,
681,201706221451,0,
682,201706221551,0,
683,201706221651,0,
684,201706221751,0,
685,201706221851,0,
686,201706221951,0,
687,201706222051,0,
688,201706222151,0,
689,201706222251,0,
690,201706222351,0,
691,201706230051,0,
692,201706230151,0,
693,201706230251,0,
694,201706230351,0,
695,201706230451,0,
696,201706230551,0,
697,201706230651,0,
698,201706230751,0,
699,201706230851,0,
700,201706230951,0,
701,201706231051,0,
702,201706231151,0,
703,201706231251,0,
704,201706231351,0,
705,201706231451,0,
706,201706231551,0,
707,201706231651,0,
708,201706231751,0,
709,201706231851,0,
710,201706231951,0,
711,201706232051,0,
712,201706232151,0,
713,201706232251,0,
714,201706232351,0,
715,201706240051,0.03,
716,201706240151,0,
717,201706240251,0.01,
718,201706240351,0,
719,201706240451,0,
720,201706240551,0.02,
721,201706240651,0.05,
722,201706240751,0.1,
723,201706240851,0,
724,201706240951,0.03,
725,201706241051,0.37,
726,201706241151,0.59,
727,201706241251,0.13,
728,201706241351,0,
729,201706241451,0,
730,201706241551,0,
731,201706241651,0,
732,201706241751,0,
733,201706241851,0,
734,201706241951,0,
735,201706242051,0,
736,201706242151,0,
737,201706242251,0,
738,201706242351,0,
739,201706250051,0,
740,201706250151,0,
741,201706250251,0,
742,201706250351,0,
743,201706250451,0,
744,201706250551,0,
745,201706250651,0,
746,201706250751,0,
747,201706250851,0,
748,201706250951,0,
749,201706251051,0,
750,201706251151,0,
751,201706251251,0,
752,201706251351,0,
753,201706251451,0,
754,201706251551,0,
755,201706251651,0,
756,201706251751,0,
757,201706251851,0,
758,201706251951,0,
759,201706252051,0,
760,201706252151,0,
761,201706252251,0,
762,201706252351,0,
763,201706260051,0,
764,201706260151,0,
765,201706260251,0,
766,201706260351,0,
767,201706260451,0,
768,201706260551,0,
769,201706260651,0,
770,201706260751,0,
771,201706260851,0,
772,201706260951,0,
773,201706261051,0,
774,201706261151,0,
775,201706261251,0,
776,201706261351,0,
777,201706261451,0,
778,201706261551,0,
779,201706261651,0,
780,201706261751,0,
781,201706261851,0,
782,201706261951,0,
783,201706262051,0,
784,201706262151,0,
785,201706262251,0,
786,201706262351,0,
787,201706270051,0,
788,201706270151,0,
789,201706270251,0,
790,201706270351,0,
791,201706270451,0,
792,201706270551,0,
793,201706270651,0,
794,201706270751,0,
0,201706270851,0.02,
1,201706270951,0.14,
2,201706271051,0.02,
3,201706271151,0,
4,201706271251,0,
5,201706271351,0,
6,201706271451,0,
7,201706271551,0,
8,201706271651,0,
9,201706271751,0,
10,201706271851,0,
11,201706271951,0,
12,201706272051,0,
13,201706272151,0,
14,201706272251,0,
15,201706272351,0,
16,201706280051,0,
17,201706280151,0,
18,201706280251,0,
19,201706280351,0,
20,201706280451,0,
21,201706280551,0,
22,201706280651,0,
23,201706280751,0,
24,201706280851,0,
25,201706280951,0,
26,201706281051,0,
27,201706281151,0,
28,201706281251,0,
29,201706281351,0,
30,201706281451,0,
31,201706281551,0,
32,201706281651,0,
33,201706281751,0,
34,201706281851,0,
35,201706281951,0,
36,201706282051,0,
37,201706282151,0,
38,201706282251,0,
39,201706282351,0,
40,201706290051,0,
41,201706290151,0,
42,201706290251,0,
43,201706290351,0,
44,201706290451,0,
45,201706290551,0,
46,201706290651,0,
47,201706290751,0,
48,201706290851,0,
49,201706290951,0,10
50,201706291051,0,
51,201706291151,0,
52,201706291251,0,
53,201706291351,0,
54,201706291451,0,
55,201706291551,0,
56,201706291651,0,
57,201706291751,0,
58,201706291851,0,
59,201706291951,0,
60,201706292051,0,
61,201706292151,0,
62,201706292251,0,
63,201706292351,0,
64,201706300051,0,
65,201706300151,0,
66,201706300251,0,
67,201706300351,0,
68,201706300451,0,
69,201706300551,0,
70,201706300651,0,
71,201706300751,0,
72,201706300851,0,
73,201706300951,0,
74,201706301051,0,
75,201706301151,0,
76,201706301251,0,
77,201706301351,0,
78,201706301451,0,
79,201706301551,0,
80,201706301651,0,
81,201706301751,0,
82,201706301851,0,
83,201706301951,0,
84,201706302051,0,
85,201706302151,0,
86,201706302251,0,
87,201706302351,0,
88,201707010051,0,
89,201707010151,0,
90,201707010251,0,
91,201707010351,0,
92,201707010451,0,
93,201707010551,0,
94,201707010651,0,
95,201707010751,0,
96,201707010851,0,
97,201707010951,0,
98,201707011051,0,
99,201707011151,0,
100,201707011251,0,
101,201707011351,0,
102,201707011451,0,
103,201707011551,0,
104,201707011651,0,
105,201707011751,0,
106,201707011851,0,
0,201707011951,0.06,
1,201707012051,0,
2,201707012151,0,
3,201707012251,0,
4,201707012351,0.17,
5,201707020051,0,
6,201707020151,0,
7,201707020251,0,
8,201707020351,0,
9,201707020451,0,
10,201707020551,0,
11,201707020651,0,
12,201707020751,0,
13,201707020851,0,
14,201707020951,0,
15,201707021051,0,
16,201707021151,0,
17,201707021251,0,
18,201707021351,0,
19,201707021451,0,
20,201707021551,0,
21,201707021651,0,
22,201707021751,0,
23,201707021851,0,
24,201707021951,0,
25,201707022051,0,
26,201707022151,0,
27,201707022251,0,
28,201707022351,0,
29,201707030051,0,
30,201707030151,0,
31,201707030251,0,
32,201707030351,0,
33,201707030451,0,
34,201707030551,0,
35,201707030651,0,
36,201707030751,0,
37,201707030851,0,
38,201707030951,0,
39,201707031051,0,
40,201707031151,0,
41,201707031251,0,
42,201707031351,0,
43,201707031451,0,
44,201707031551,0,
45,201707031651,0,
46,201707031751,0,
47,201707031851,0,
48,201707031951,0,
49,201707032051,0.45,
50,201707032058,0.02,
51,201707032151,0,
52,201707032251,0,
53,201707032351,0,
54,201707040051,0,
55,201707040151,0,
56,201707040251,0,
57,201707040351,0,
58,201707040451,0,
59,201707040551,0,
60,201707040651,0,
61,201707040751,0,
62,201707040851,0,
63,201707040951,0,
64,201707041051,0,
65,201707041151,0,
66,201707041251,0,
67,201707041351,0,
68,201707041451,0,
69,201707041551,0,
70,201707041651,0,
71,201707041751,0,
72,201707041851,0,
73,201707041951,0,
74,201707042051,0,
75,201707042151,0,
76,201707042251,0,
77,201707042351,0,
78,201707050051,0,
79,201707050151,0,
80,201707050251,0,
81,201707050351,0,
82,201707050451,0,
83,201707050551,0,
84,201707050651,0,
85,201707050751,0,
86,201707050851,0,
87,201707050951,0,
88,201707051051,0,
89,201707051151,0,
90,201707051251,0,
91,201707051351,0,
92,201707051451,0,
93,201707051551,0,
94,201707051651,0,
95,201707051751,0,
96,201707051851,0,
97,201707051951,0,
98,201707052051,0,
99,201707052151,0,
100,201707052251,0,
101,201707052351,0,
102,201707060051,0,
103,201707060151,0,
104,201707060251,0,
105,201707060351,0,
106,201707060451,0,
107,201707060551,0,
108,201707060651,0,
109,201707060751,0,
110,201707060851,0,
111,201707060951,0,20
112,201707061051,0,
113,201707061151,0,
114,201707061251,0,
115,201707061351,0,
116,201707061451,0,
117,201707061551,0,
118,201707061651,0,
119,201707061751,0,
120,201707061851,0,
121,201707061951,0,
122,201707062051,0,
123,201707062151,0,
124,201707062251,0,
125,201707062351,0,
126,201707070051,0,
127,201707070151,0,
128,201707070251,0,
129,201707070351,0,
130,201707070451,0,
131,201707070551,0,
132,201707070651,0,
133,201707070751,0.02,
134,201707070851,0,
135,201707070951,0,
136,201707071051,0,
137,201707071151,0,
0,201707071251,0.01,
1,201707071351,0,
2,201707071451,0.96,
3,201707071651,0.02,
4,201707071751,0,
5,201707071851,0,
6,201707071951,0,
7,201707072051,0,
8,201707072151,0,
9,201707072251,0,
10,201707072351,0,
11,201707080051,0.2,
12,201707080151,0.02,
13,201707080251,0,
14,201707080351,0,
15,201707080451,0,
16,201707080551,0,
17,201707080651,0,
18,201707080751,0,
19,201707080851,0,
20,201707080951,0,
21,201707081051,0,
22,201707081151,0,
23,201707081251,0,
24,201707081351,0,
25,201707081451,0,
26,201707081551,0,
27,201707081651,0,
28,201707081751,0,
29,201707081851,0,
30,201707081951,0,
31,201707082051,0,
32,201707082151,0,
33,201707082251,0,
34,201707082351,0,
35,201707090051,0,
36,201707090151,0,
37,201707090251,0,
38,201707090351,0,
39,201707090451,0,
40,201707090551,0,
41,201707090651,0,
42,201707090751,0,
43,201707090851,0,
44,201707090951,0,
45,201707091051,0,
46,201707091151,0,
47,201707091251,0,
48,201707091351,0,
49,201707091451,0,
50,201707091551,0,
51,201707091651,0,
52,201707091751,0,
53,201707091851,0,
54,201707091951,0,
55,201707092051,0,
56,201707092151,0,
57,201707092251,0,
58,201707092351,0,
59,201707100051,0,
60,201707100151,0,
61,201707100251,0,
62,201707100351,0,
63,201707100451,0,
64,201707100551,0,
65,201707100651,0,
66,201707100751,0,
67,201707100851,0,
68,201707100951,0,
69,201707101051,0,
70,201707101151,0,
71,201707101251,0,
72,201707101351,0,
73,201707101451,0,
74,201707101551,0,
75,201707101651,0,
76,201707101751,0,
77,201707101851,0,
78,201707101951,0,
79,201707102051,0,
80,201707102151,0,
81,201707102251,0,
82,201707102351,0,
83,201707110051,0,
84,201707110151,0,
85,201707110251,0,
86,201707110351,0,
87,201707110451,0,
88,201707110551,0,
89,201707110651,0,
90,201707110751,0,
91,201707110851,0,
92,201707110951,0,
93,201707111051,0,
94,201707111151,0,
95,201707111251,0,
96,201707111351,0,
97,201707111451,0,
98,201707111551,0,
99,201707111651,0,
100,201707111751,0,
101,201707111851,0,
102,201707111951,0,
103,201707112051,0,
104,201707112151,0,
105,201707112251,0,
106,201707112351,0,
107,201707120051,0,
108,201707120151,0,
109,201707120251,0,
110,201707120351,0,
111,201707120451,0,
112,201707120551,0,
113,201707120651,0,
114,201707120751,0,
115,201707120851,0,
116,201707120951,0,
117,201707121051,0,
118,201707121151,0,
119,201707121251,0,
120,201707121351,0,
121,201707121451,0,
122,201707121551,0,
123,201707121651,0,
124,201707121751,0,
125,201707121851,0,
126,201707121951,0,
127,201707122051,0,
128,201707122151,0,
129,201707122251,0,
130,201707122351,0,
131,201707130051,0,
132,201707130151,0,
133,201707130251,0,
134,201707130351,0,
135,201707130451,0,
136,201707130551,0,
137,201707130651,0,
138,201707130751,0,
139,201707130851,0,
140,201707130951,0,20
141,201707131051,0,
142,201707131151,0,
143,201707131251,0,
144,201707131351,0,
145,201707131451,0,
146,201707131551,0,
147,201707131651,0,
148,201707131751,0,
149,201707131851,0,
150,201707131951,0,
151,201707132051,0,
152,201707132151,0,
153,201707132251,0,
154,201707132351,0,
155,201707140051,0,
156,201707140151,0,
157,201707140251,0,
158,201707140351,0,
159,201707140451,0,
160,201707140551,0,
161,201707140651,0,
162,201707140751,0,
163,201707140851,0,
164,201707140951,0,
165,201707141051,0,
0,201707141151,0.01,
1,201707141251,0.06,
2,201707141259,0.01,
3,201707141351,0.1,
4,201707141451,0.05,
5,201707141551,0.01,
6,201707141651,0,
7,201707141751,0,
8,201707141759,0,
9,201707141851,0.05,
10,201707141951,0.02,
11,201707142051,0.05,
12,201707142151,0,
13,201707142251,0,
14,201707142351,0,
15,201707150051,0,
16,201707150151,0,
17,201707150251,0,
18,201707150351,0,
19,201707150451,0,
20,201707150551,0,
21,201707150651,0,
22,201707150751,0,
23,201707150851,0,
24,201707150951,0,
25,201707151051,0,
26,201707151151,0,
27,201707151251,0,
28,201707151351,0,
29,201707151451,0,
30,201707151551,0,
31,201707151651,0,
32,201707151751,0,
33,201707151851,0,
34,201707151951,0,
35,201707152051,0,
36,201707152151,0,
37,201707152251,0,
38,201707152351,0,
39,201707160051,0,
40,201707160151,0,
41,201707160251,0,
42,201707160351,0,
43,201707160451,0,
44,201707160551,0,
45,201707160651,0,
46,201707160751,0,
47,201707160851,0,
48,201707160951,0,
49,201707161051,0,
50,201707161151,0,
51,201707161251,0,
52,201707161351,0,
53,201707161451,0,
54,201707161551,0,
55,201707161651,0,
56,201707161751,0,
57,201707161851,0,
58,201707161951,0,
59,201707162051,0,
60,201707162151,0,
61,201707162251,0,
62,201707162351,0,
63,201707170051,0,
64,201707170151,0,
65,201707170251,0,
66,201707170351,0,
67,201707170451,0,
68,201707170551,0,
69,201707170651,0,
70,201707170751,0,
71,201707170851,0,
72,201707170951,0,
73,201707171051,0,
74,201707171151,0,
75,201707171251,0,
76,201707171351,0,
77,201707171451,0,
78,201707171551,0,
79,201707171651,0,
80,201707171751,0,
81,201707171851,0,
82,201707171951,0,
83,201707172051,0,
84,201707172151,0,
85,201707172251,0,
86,201707172351,0,
87,201707180051,0,
88,201707180151,0,
89,201707180251,0,
90,201707180351,0,
91,201707180451,0,
92,201707180551,0,
93,201707180651,0,
94,201707180751,0,
95,201707180851,0,
96,201707180951,0,
97,201707181051,0,
98,201707181151,0,
99,201707181251,0,
100,201707181351,0,
101,201707181451,0,
102,201707181551,0,
103,201707181651,0,
104,201707181751,0,
105,201707181851,0,
106,201707181951,0,
107,201707182051,0,
108,201707182151,0,
109,201707182251,0,
110,201707182351,0,
111,201707190051,0,
112,201707190151,0,
113,201707190251,0,
114,201707190351,0,
115,201707190451,0,
116,201707190551,0,
117,201707190651,0,
118,201707190751,0,
119,201707190851,0,
120,201707190951,0,
121,201707191051,0,
122,201707191151,0,
123,201707191251,0,
124,201707191351,0,
125,201707191451,0,
126,201707191551,0,
127,201707191651,0,
128,201707191751,0,
129,201707191851,0,
130,201707191951,0,
131,201707192051,0,
132,201707192151,0,
133,201707192251,0,
134,201707192351,0,
135,201707200051,0,
136,201707200151,0,
137,201707200251,0,
138,201707200351,0,
139,201707200451,0,
140,201707200551,0,
141,201707200651,0,
142,201707200751,0,
143,201707200851,0,
144,201707200951,0,30
145,201707201051,0,
146,201707201151,0,
147,201707201251,0,
148,201707201351,0,
149,201707201451,0,
150,201707201551,0,
151,201707201651,0,
152,201707201751,0,
153,201707201851,0,
154,201707201951,0,
155,201707202051,0,
156,201707202151,0,
157,201707202251,0,
158,201707202351,0,
159,201707210051,0.01,
160,201707210151,0,
161,201707210251,0,
162,201707210351,0,
163,201707210451,0,
164,201707210551,0,
165,201707210651,0,
166,201707210751,0,
167,201707210851,0,
168,201707210951,0,
169,201707211051,0,
170,201707211151,0,
171,201707211251,0,
172,201707211351,0,
173,201707211451,0,
174,201707211551,0,
175,201707211651,0,
176,201707211751,0,
177,201707211851,0,
178,201707211951,0,
179,201707212051,0,
180,201707212151,0,
181,201707212251,0,
182,201707212351,0,
183,201707220051,0,
184,201707220151,0,
185,201707220251,0,
186,201707220351,0,
187,201707220451,0,
188,201707220551,0,
189,201707220651,0,
190,201707220751,0,
191,201707220851,0,
192,201707220951,0,
193,201707221051,0,
194,201707221151,0,
195,201707221251,0,
196,201707221351,0,
197,201707221451,0,
198,201707221551,0,
199,201707221651,0,
200,201707221751,0,
201,201707221851,0,
202,201707221951,0,
203,201707222051,0,
204,201707222151,0,
205,201707222251,0,
206,201707222351,0,
207,201707230051,0,
208,201707230151,0,
209,201707230251,0,
0,201707230351,0.14,
1,201707230451,0.43,
2,201707230458,0.04,
3,201707230551,0.05,
4,201707230651,0,
5,201707230751,0,
6,201707230758,0,
7,201707230851,0,
8,201707230951,0,
9,201707231051,0,
10,201707231151,0,
11,201707231251,0,
12,201707231351,0,
13,201707231451,0,
14,201707231551,0,
15,201707231651,0,
16,201707231751,0.01,
17,201707231851,0,
18,201707231951,0,
19,201707232051,0,
20,201707232151,0,
21,201707232251,0,
22,201707232351,0,
23,201707240051,0,
24,201707240151,0,
25,201707240251,0,
26,201707240351,0,
27,201707240451,0,
28,201707240551,0,
29,201707240651,0,
30,201707240751,0,
0,201707240851,0.05,
1,201707240951,0.27,
2,201707241051,0.03,
3,201707241151,0,
4,201707241251,0.05,
5,201707241254,0,
6,201707241351,0.01,
7,201707241451,0.3,
8,201707241458,0.02,
9,201707241551,0.02,
10,201707241651,0.01,
11,201707241751,0,
12,201707241851,0,
13,201707241951,0,
14,201707242051,0,
15,201707242151,0,
16,201707242251,0,
17,201707242351,0,
18,201707250051,0,
19,201707250151,0,
20,201707250251,0,
21,201707250351,0,
22,201707250451,0,
23,201707250551,0,
24,201707250651,0,
25,201707250751,0,
26,201707250851,0,
27,201707250951,0,
28,201707251051,0,
29,201707251151,0,
30,201707251251,0,
31,201707251351,0,
32,201707251451,0,
33,201707251551,0,
34,201707251651,0,
35,201707251751,0,
36,201707251851,0,
37,201707251951,0,
38,201707252051,0,
39,201707252151,0,
40,201707252251,0,
41,201707252351,0,
42,201707260051,0,
43,201707260151,0,
44,201707260251,0,
45,201707260351,0,
46,201707260451,0,
47,201707260551,0,
48,201707260651,0,
49,201707260751,0,
50,201707260851,0,
51,201707260951,0,
52,201707261051,0,
53,201707261151,0,
54,201707261251,0,
55,201707261351,0,
56,201707261451,0,
57,201707261551,0,
58,201707261651,0,
59,201707261751,0,
60,201707261851,0,
61,201707261951,0,
62,201707262051,0,
63,201707262151,0,
64,201707262251,0,
65,201707262351,0,
66,201707270051,0,
67,201707270151,0,
68,201707270251,0,
69,201707270351,0,
70,201707270451,0,
71,201707270551,0,
72,201707270651,0,
73,201707270751,0,
74,201707270851,0,
75,201707270951,0,10
76,201707271051,0,
77,201707271151,0,
78,201707271251,0,
79,201707271351,0,
80,201707271451,0,
81,201707271551,0,
82,201707271651,0,
83,201707271751,0,
84,201707271851,0,
85,201707271951,0,
86,201707272051,0,
87,201707272151,0,
88,201707272251,0,
89,201707272351,0,
90,201707280051,0,
91,201707280151,0,
92,201707280251,0,
93,201707280351,0,
94,201707280451,0,
95,201707280551,0,
96,201707280651,0,
97,201707280751,0,
98,201707280851,0,
99,201707280951,0,
100,201707281051,0,
101,201707281151,0,
102,201707281251,0,
103,201707281351,0,
104,201707281451,0,
105,201707281551,0,
106,201707281651,0,
107,201707281751,0,
108,201707281851,0,
109,201707281951,0,
110,201707282051,0,
111,201707282151,0,
112,201707282251,0,
113,201707282351,0,
114,201707290051,0,
115,201707290151,0,
116,201707290251,0,
117,201707290351,0,
118,201707290451,0,
119,201707290551,0,
120,201707290651,0,
121,201707290751,0,
122,201707290851,0,
123,201707290951,0,
124,201707291051,0,
125,201707291151,0,
126,201707291251,0,
127,201707291351,0,
128,201707291451,0,
129,201707291551,0,
130,201707291651,0,
131,201707291751,0,
132,201707291851,0,
133,201707291951,0,
134,201707292051,0,
135,201707292151,0,
136,201707292251,0,
137,201707292351,0,
138,201707300051,0,
139,201707300151,0,
140,201707300251,0,
141,201707300351,0,
142,201707300451,0,
143,201707300551,0,
144,201707300651,0,
145,201707300751,0,
146,201707300851,0,
147,201707300951,0,
148,201707301051,0,
149,201707301151,0,
150,201707301251,0,
151,201707301351,0,
152,201707301451,0,
153,201707301551,0,
154,201707301651,0,
155,201707301751,0,
156,201707301851,0,
157,201707301951,0,
158,201707302051,0,
159,201707302151,0,
160,201707302251,0,
161,201707302351,0,
162,201707310051,0,
163,201707310151,0,
164,201707310251,0,
165,201707310351,0,
166,201707310451,0,
167,201707310551,0,
168,201707310651,0,
169,201707310751,0,
170,201707310851,0,
171,201707310951,0,
172,201707311051,0,
173,201707311151,0,
174,201707311251,0,
175,201707311351,0,
176,201707311451,0,
177,201707311551,0,
178,201707311651,0,
179,201707311751,0,
180,201707311851,0,
181,201707311951,0,
182,201707312051,0,
183,201707312151,0,
184,201707312251,0,
185,201707312351,0,
186,201708010051,0,
187,201708010151,0,
188,201708010251,0,
189,201708010351,0,
190,201708010451,0,
191,201708010551,0,
192,201708010651,0,
193,201708010751,0,
194,201708010851,0,
195,201708010951,0,
196,201708011051,0,
197,201708011151,0,
198,201708011251,0,
199,201708011351,0,
200,201708011451,0,
201,201708011551,0,
202,201708011651,0,
203,201708011751,0,
204,201708011851,0,
205,201708011951,0,
206,201708012051,0,
207,201708012151,0,
208,201708012251,0,
209,201708012351,0,
210,201708020051,0,
211,201708020151,0,
212,201708020251,0,
213,201708020351,0,
214,201708020451,0,
215,201708020551,0,
216,201708020651,0,
217,201708020751,0,
218,201708020851,0,
219,201708020951,0,
220,201708021051,0,
221,201708021151,0,
222,201708021251,0,
223,201708021351,0,
224,201708021451,0,
225,201708021551,0,
226,201708021651,0,
227,201708021751,0,
228,201708021851,0,
229,201708021951,0,
230,201708022051,0.01,
231,201708022151,0.08,
232,201708022158,0,
233,201708022251,0,
234,201708022351,0,
235,201708030051,0,
236,201708030151,0,
237,201708030251,0,
238,201708030351,0,
239,201708030451,0,
240,201708030551,0,
241,201708030651,0,
242,201708030751,0,
243,201708030851,0,
244,201708030951,0,
245,201708031051,0,
246,201708031151,0,
247,201708031251,0,
248,201708031351,0,
249,201708031451,0,
250,201708031551,0,
251,201708031651,0,
252,201708031751,0,
253,201708031851,0,
254,201708031951,0,
255,201708032051,0,
256,201708032151,0,
257,201708032251,0,
258,201708032351,0,
259,201708040051,0,
260,201708040151,0,
261,201708040251,0,
262,201708040351,0,
263,201708040451,0,
264,201708040551,0,
265,201708040651,0,
266,201708040751,0,
267,201708040851,0,
268,201708040951,0,
269,201708041051,0,
270,201708041151,0.15,
271,201708041251,0,
272,201708041351,0,
273,201708041451,0,
274,201708041551,0,
275,201708041651,0,
276,201708041751,0,
277,201708041851,0,
278,201708041951,0,
279,201708042051,0,
280,201708042151,0,
281,201708042251,0,
282,201708042351,0,
283,201708050051,0,
284,201708050151,0,
285,201708050251,0,
286,201708050351,0,
287,201708050451,0,
288,201708050551,0,
289,201708050651,0,
290,201708050751,0,
0,201708050851,0.1,
1,201708050951,0.15,
2,201708051051,0.05,
3,201708051151,0,
4,201708051251,0,
5,201708051351,0,
6,201708051451,0,
7,201708051551,0,
8,201708051651,0,
9,201708051751,0,
10,201708051851,0,
11,201708051951,0,
12,201708052051,0,
13,201708052151,0,
14,201708052251,0,
15,201708052351,0,
16,201708060051,0,
17,201708060151,0,
18,201708060251,0,
19,201708060351,0,
20,201708060451,0,
21,201708060551,0,
22,201708060651,0,
23,201708060751,0,
24,201708060851,0,
25,201708060951,0,
26,201708061051,0,
27,201708061151,0,
28,201708061251,0,
29,201708061351,0,
30,201708061451,0,
31,201708061551,0,
32,201708061651,0,
33,201708061751,0,
34,201708061851,0,
35,201708061951,0,
36,201708062051,0,
37,201708062151,0,
38,201708062251,0,
39,201708062351,0,
40,201708070051,0,
41,201708070151,0,
42,201708070251,0,
43,201708070351,0,
44,201708070451,0,
45,201708070551,0,
46,201708070651,0,
47,201708070751,0,
48,201708070851,0,
49,201708070951,0,
50,201708071051,0,
51,201708071151,0,
52,201708071251,0,
0,201708071351,0.11,
1,201708071451,0.01,
2,201708071459,0.01,
3,201708071551,0.07,
4,201708071559,0.02,
5,201708071651,0.06,
6,201708071751,0.04,
7,201708071753,0,
8,201708071851,0.14,
9,201708071951,0.1,
10,201708072051,0.08,
11,201708072151,0.02,
12,201708072251,0.06,
13,201708072259,0.01,
14,201708072351,0.02,
15,201708080051,0.05,
16,201708080151,0,
17,201708080251,0,
18,201708080351,0,
19,201708080451,0,
20,201708080551,0,
21,201708080651,0,
22,201708080751,0,
23,201708080851,0,
24,201708080951,0,
25,201708081051,0,
26,201708081151,0,
27,201708081251,0,
28,201708081351,0,
29,201708081451,0,
30,201708081551,0,
31,201708081651,0,
32,201708081751,0,
33,201708081851,0,
34,201708081951,0,
35,201708082051,0,
36,201708082151,0,
37,201708082251,0,
38,201708082351,0,
39,201708090051,0,
40,201708090151,0,
41,201708090251,0,
42,201708090351,0,
43,201708090451,0,
44,201708090551,0,
45,201708090651,0,
46,201708090751,0,
47,201708090851,0,
48,201708090951,0,
49,201708091051,0,
50,201708091151,0,
51,201708091251,0,
52,201708091351,0,
53,201708091451,0,
54,201708091551,0,
55,201708091651,0,
56,201708091751,0,
57,201708091851,0,
58,201708091951,0,
59,201708092051,0,
60,201708092151,0,
61,201708092251,0,
62,201708092351,0,
63,201708100051,0,
64,201708100151,0,
65,201708100251,0,
66,201708100351,0,
67,201708100451,0,
68,201708100551,0,
69,201708100651,0,
70,201708100751,0,
71,201708100851,0,
72,201708100951,0,10
73,201708101051,0,
74,201708101151,0,
75,201708101251,0,
76,201708101351,0,
77,201708101451,0,
78,201708101551,0,
79,201708101651,0,
80,201708101751,0,
81,201708101851,0,
82,201708101951,0,
83,201708102051,0,
84,201708102151,0,
85,201708102251,0,
86,201708102351,0,
87,201708110051,0,
88,201708110151,0,
89,201708110251,0,
90,201708110351,0,
91,201708110451,0,
92,201708110551,0,
93,201708110651,0,
94,201708110751,0,
95,201708110851,0,
96,201708110951,0,
97,201708111051,0,
98,201708111151,0,
99,201708111251,0,
100,201708111351,0,
101,201708111451,0,
102,201708111551,0,
103,201708111651,0,
104,201708111751,0,
105,201708111851,0,
106,201708111951,0,
107,201708112051,0,
108,201708112151,0,
109,201708112251,0,
110,201708112351,0,
111,201708120051,0,
112,201708120151,0,
113,201708120251,0,
114,201708120351,0,
115,201708120451,0,
0,201708120551,0.01,
1,201708120651,0.09,
2,201708120751,0.01,
3,201708120851,0,
4,201708120951,0,
5,201708121051,0,
6,201708121151,0,
7,201708121251,0,
8,201708121351,0,
9,201708121451,0,
10,201708121551,0,
11,201708121651,0,
12,201708121751,0,
13,201708121851,0,
14,201708121951,0,
15,201708122051,0,
16,201708122151,0,
17,201708122251,0,
18,201708122351,0,
19,201708130051,0,
20,201708130151,0,
21,201708130251,0,
22,201708130351,0,
23,201708130451,0,
24,201708130551,0,
25,201708130651,0,
26,201708130751,0,
27,201708130851,0,
28,201708130951,0,
29,201708131051,0,
30,201708131151,0,
31,201708131251,0,
32,201708131351,0,
33,201708131451,0,
34,201708131551,0,
35,201708131651,0,
36,201708131751,0,
37,201708131851,0,
38,201708131951,0,
39,201708132051,0,
40,201708132151,0,
41,201708132251,0,
42,201708132351,0,
43,201708140051,0,
44,201708140151,0,
45,201708140251,0,
46,201708140351,0,
47,201708140451,0,
48,201708140551,0,
49,201708140651,0,
50,201708140751,0,
51,201708140851,0,
52,201708140951,0,
53,201708141051,0,
54,201708141151,0,
55,201708141251,0,
56,201708141351,0,
57,201708141451,0,
58,201708141551,0,
59,201708141651,0,
60,201708141751,0,
61,201708141851,0,
62,201708141951,0,
63,201708142051,0,
64,201708142151,0,
65,201708142251,0,
66,201708142351,0,
67,201708150051,0,
68,201708150151,0,
69,201708150251,0,
70,201708150351,0,
71,201708150451,0,
72,201708150551,0,
0,201708150651,0.08,
1,201708150751,0.17,
2,201708150851,0.03,
3,201708150951,0,
4,201708151051,0,
5,201708151151,0,
6,201708151251,0,
7,201708151351,0,
8,201708151451,0,
9,201708151551,0,
10,201708151651,0.02,
11,201708151751,0.03,
12,201708151851,0.11,
13,201708151951,0.01,
14,201708152051,0,
15,201708152151,0,
16,201708152251,0,
17,201708152351,0,
18,201708160051,0,
19,201708160151,0,
20,201708160251,0,
21,201708160351,0,
22,201708160451,0,
23,201708160551,0,
24,201708160651,0,
25,201708160751,0,
26,201708160851,0,
27,201708160951,0,
28,201708161051,0,
29,201708161151,0,
30,201708161251,0,
31,201708161351,0,
32,201708161451,0,
33,201708161551,0,
34,201708161651,0,
35,201708161751,0,
36,201708161851,0,
37,201708161951,0,
38,201708162051,0,
39,201708162151,0,
40,201708162251,0,
41,201708162351,0,
42,201708170051,0,
43,201708170151,0,
44,201708170251,0,
45,201708170351,0,
46,201708170451,0,
47,201708170551,0,
48,201708170651,0,
49,201708170751,0,
50,201708170851,0,
51,201708170951,0,
52,201708171051,0,293
53,201708171151,0,
54,201708171251,0,
55,201708171351,0,
56,201708171451,0,
57,201708171551,0,
58,201708171651,0,
59,201708171751,0,
60,201708171851,0,
61,201708171951,0,
62,201708172051,0,
63,201708172151,0,
64,201708172251,0,
65,201708172351,0,
66,201708180051,0,
67,201708180151,0,
68,201708180251,0,
69,201708180351,0,
70,201708180451,0,
71,201708180551,0,
72,201708180651,0,
73,201708180751,0,
74,201708180851,0,
75,201708180951,0,
76,201708181051,0,
0,201708181151,0.06,
1,201708181251,0.69,
2,201708181351,0.01,
3,201708181451,0.01,
4,201708181551,0.01,
5,201708181651,0,
6,201708181751,0,
7,201708181851,0,
8,201708181951,0,
9,201708182051,0,
10,201708182151,0,
11,201708182251,0,
12,201708182351,0.1,
13,201708190051,0,
14,201708190151,0,
15,201708190251,0,
16,201708190351,0,
17,201708190451,0,
18,201708190551,0,
19,201708190651,0,
20,201708190751,0,
21,201708190851,0,
22,201708190951,0,
23,201708191051,0,
24,201708191151,0,
25,201708191251,0,
26,201708191351,0,
27,201708191451,0,
28,201708191551,0,
29,201708191651,0,
30,201708191751,0,
31,201708191851,0,
32,201708191951,0,
33,201708192051,0,
34,201708192151,0,
35,201708192251,0,
36,201708192351,0,
37,201708200051,0,
38,201708200151,0,
39,201708200251,0,
40,201708200351,0,
41,201708200451,0,
42,201708200551,0,
43,201708200651,0,
44,201708200751,0,
45,201708200851,0,
46,201708200951,0,
47,201708201051,0,
48,201708201151,0,
49,201708201251,0,
50,201708201351,0,
51,201708201451,0,
52,201708201551,0,
53,201708201651,0,
54,201708201751,0,
55,201708201851,0,
56,201708201951,0,
57,201708202051,0,
58,201708202151,0,
59,201708202251,0,
60,201708202351,0,
61,201708210051,0,
62,201708210151,0,
63,201708210251,0,
64,201708210351,0,
65,201708210451,0,
66,201708210551,0,
67,201708210651,0,
68,201708210751,0,
69,201708210851,0,
70,201708210951,0,
71,201708211051,0,
72,201708211151,0,
73,201708211251,0,
74,201708211351,0,
75,201708211451,0,
76,201708211551,0,
77,201708211651,0,
78,201708211751,0,
79,201708211851,0,
80,201708211951,0,
81,201708212051,0,
82,201708212151,0,
83,201708212251,0,
84,201708212351,0,
85,201708220051,0,
86,201708220151,0,
87,201708220251,0,
88,201708220351,0,
89,201708220451,0,
90,201708220551,0,
91,201708220651,0,
92,201708220751,0,
93,201708220851,0,
94,201708220951,0,
95,201708221051,0,
96,201708221151,0,
97,201708221251,0,
98,201708221351,0,
99,201708221451,0,
100,201708221551,0,
101,201708221651,0,
102,201708221751,0,
103,201708221851,0,
104,201708221951,0,
105,201708222051,0,
106,201708222151,0,
107,201708222251,0,
108,201708222351,0,
109,201708230051,0,
110,201708230151,0,
0,201708230251,0.01,
1,201708230351,0.09,
2,201708230400,0.04,
3,201708230451,0.2,
4,201708230551,0,
5,201708230651,0,
6,201708230751,0,
7,201708230851,0,
8,201708230951,0,
9,201708231051,0,
10,201708231151,0,
11,201708231251,0,
12,201708231351,0,
13,201708231451,0,
14,201708231551,0,
15,201708231651,0,
16,201708231751,0,
17,201708231851,0,
18,201708231951,0,
19,201708232051,0,
20,201708232151,0,
21,201708232251,0,
22,201708232351,0,
23,201708240051,0,
24,201708240151,0,
25,201708240251,0,
26,201708240351,0,
27,201708240451,0,
28,201708240551,0,
29,201708240651,0,
30,201708240751,0,
31,201708240851,0,
32,201708240951,0,41
33,201708241051,0,
34,201708241151,0,
35,201708241251,0,
36,201708241351,0,
37,201708241451,0,
38,201708241551,0,
39,201708241651,0,
40,201708241751,0,
41,201708241851,0,
42,201708241951,0,
43,201708242051,0,
44,201708242151,0,
45,201708242251,0,
46,201708242351,0,
47,201708250051,0,
48,201708250151,0,
49,201708250251,0,
50,201708250351,0,
51,201708250451,0,
52,201708250551,0,
53,201708250651,0,
54,201708250751,0,
55,201708250851,0,
56,201708250951,0,
57,201708251051,0,
58,201708251151,0,
59,201708251251,0,
60,201708251351,0,
61,201708251451,0,
62,201708251551,0,
63,201708251651,0,
64,201708251751,0,
65,201708251851,0,
66,201708251951,0,
67,201708252051,0,
68,201708252151,0,
69,201708252251,0,
70,201708252351,0,
71,201708260051,0,
72,201708260151,0,
73,201708260251,0,
74,201708260351,0,
75,201708260451,0,
76,201708260551,0,
77,201708260651,0,
78,201708260751,0,
79,201708260851,0,
80,201708260951,0,
81,201708261051,0,
82,201708261151,0,
83,201708261251,0,
84,201708261351,0,
85,201708261451,0,
86,201708261551,0,
87,201708261651,0,
88,201708261751,0,
89,201708261851,0,
90,201708261951,0,
91,201708262051,0,
92,201708262151,0,
93,201708262251,0,
94,201708262351,0,
95,201708270051,0,
96,201708270151,0,
97,201708270251,0,
98,201708270351,0,
99,201708270451,0,
100,201708270551,0,
101,201708270651,0,
102,201708270751,0,
103,201708270851,0,
104,201708270951,0,
105,201708271051,0,
106,201708271151,0,
107,201708271251,0,
108,201708271351,0,
109,201708271451,0,
110,201708271551,0,
111,201708271651,0,
112,201708271751,0,
113,201708271851,0,
114,201708271951,0,
115,201708272051,0,
116,201708272151,0,
117,201708272251,0,
118,201708272351,0,
119,201708280051,0,
120,201708280151,0,
121,201708280251,0,
122,201708280351,0,
123,201708280451,0,
124,201708280551,0,
125,201708280651,0,
126,201708280751,0,
127,201708280851,0,
128,201708280951,0,
129,201708281051,0,
130,201708281151,0,
131,201708281251,0,
132,201708281351,0,
133,201708281451,0,
134,201708281551,0,
135,201708281651,0,
136,201708281751,0,
137,201708281851,0,
138,201708281951,0,
139,201708282051,0,
140,201708282151,0,
141,201708282251,0,
142,201708282351,0,
143,201708290051,0,
144,201708290151,0,
145,201708290251,0,
146,201708290351,0,
147,201708290451,0,
148,201708290551,0,
149,201708290651,0,
150,201708290751,0,
151,201708290851,0,
152,201708290951,0,
153,201708291051,0,
154,201708291151,0,
155,201708291251,0,
156,201708291351,0,
157,201708291451,0,
158,201708291551,0,
159,201708291651,0,
0,201708291751,0.02,
1,201708291851,0.02,
2,201708291951,0.06,
3,201708292051,0.05,
4,201708292151,0.02,
5,201708292251,0,
6,201708292351,0.01,
7,201708300051,0.02,
8,201708300151,0.03,
9,201708300251,0.02,
10,201708300351,0.02,
11,201708300451,0.02,
12,201708300551,0.01,
13,201708300651,0,
14,201708300751,0,
15,201708300851,0,
16,201708300951,0,
17,201708301051,0,
18,201708301151,0,
19,201708301251,0,
20,201708301351,0,
21,201708301451,0,
22,201708301551,0,
23,201708301651,0,
24,201708301751,0,
25,201708301851,0,
26,201708301951,0,
27,201708302051,0,
28,201708302151,0,
29,201708302251,0,
30,201708302351,0,
31,201708310051,0,
32,201708310151,0,
33,201708310251,0,
34,201708310351,0,
35,201708310451,0,
36,201708310551,0,
37,201708310651,0,
38,201708310751,0,
39,201708310851,0,
40,201708310951,0,63
41,201708311051,0,
42,201708311151,0,
43,201708311251,0,
44,201708311351,0,
45,201708311451,0,
46,201708311551,0,
47,201708311651,0,
48,201708311751,0,
49,201708311851,0,
50,201708311951,0,
51,201708312051,0,
52,201708312151,0,
53,201708312251,0,
54,201708312351,0,
55,201709010051,0,
56,201709010151,0,
57,201709010251,0,
58,201709010351,0,
59,201709010451,0,
60,201709010551,0,
61,201709010651,0,
62,201709010751,0,
63,201709010851,0,
64,201709010951,0,
65,201709011051,0,
66,201709011151,0,
67,201709011251,0,
68,201709011351,0,
69,201709011451,0,
70,201709011551,0,
71,201709011651,0,
72,201709011751,0,
73,201709011851,0,
74,201709011951,0,
75,201709012051,0,
76,201709012151,0,
77,201709012251,0,
78,201709012351,0,
79,201709020051,0,
80,201709020151,0,
81,201709020251,0,
82,201709020351,0,
83,201709020451,0,
84,201709020551,0,
85,201709020651,0,
86,201709020751,0,
87,201709020851,0,
88,201709020951,0,
89,201709021051,0,
90,201709021151,0,
91,201709021251,0,
92,201709021351,0,
93,201709021451,0,
94,201709021551,0,
95,201709021651,0,
96,201709021751,0,
97,201709021851,0,
98,201709021951,0,
99,201709022051,0,
100,201709022151,0,
101,201709022251,0,
0,201709022351,0.04,
1,201709030051,0.05,
2,201709030151,0.25,
3,201709030159,0.04,
4,201709030251,0.1,
5,201709030351,0.05,
6,201709030451,0.04,
7,201709030551,0,
8,201709030651,0.02,
9,201709030751,0.52,
10,201709030759,0.03,
11,201709030851,0.05,
12,201709030951,0,
13,201709031051,0,
14,201709031151,0,
15,201709031251,0,
16,201709031351,0.09,
17,201709031451,0.01,
18,201709031551,0.04,
19,201709031558,0.01,
20,201709031651,0.01,
21,201709031751,0,
22,201709031851,0,
23,201709031951,0,
24,201709032051,0,
25,201709032151,0,
26,201709032251,0,
27,201709032351,0,
28,201709040051,0,
29,201709040151,0,
30,201709040251,0,
31,201709040351,0,
32,201709040451,0,
33,201709040551,0,
34,201709040651,0,
35,201709040751,0,
36,201709040851,0,
37,201709040951,0,
38,201709041051,0,
39,201709041151,0,
40,201709041251,0,
41,201709041351,0,
42,201709041451,0,
43,201709041551,0,
44,201709041651,0,
45,201709041751,0,
46,201709041851,0,
47,201709041951,0,
48,201709042051,0,
49,201709042151,0,
50,201709042251,0,
51,201709042351,0,
52,201709050051,0,
53,201709050151,0,
54,201709050251,0,
55,201709050351,0,
56,201709050451,0,
57,201709050551,0,
58,201709050651,0,
59,201709050751,0,
60,201709050851,0,
61,201709050951,0,
62,201709051051,0,
63,201709051151,0,
64,201709051251,0,
65,201709051351,0,
66,201709051451,0,
67,201709051551,0,
68,201709051651,0,
69,201709051751,0,
70,201709051851,0,
71,201709051951,0,
72,201709052051,0,
73,201709052151,0,
74,201709052251,0,
75,201709052351,0,
76,201709060051,0,
77,201709060151,0,
78,201709060251,0,
79,201709060351,0,
80,201709060451,0,
81,201709060551,0,
82,201709060651,0,
83,201709060751,0,
84,201709060851,0,
85,201709060951,0.01,
86,201709061051,0,
87,201709061151,0,
88,201709061251,0.01,
89,201709061351,0,
90,201709061451,0,
91,201709061551,0,
92,201709061651,0,
93,201709061751,0,
0,201709061851,0.04,
1,201709061951,0,
2,201709062051,0,
3,201709062151,0,
4,201709062251,0,
5,201709062351,0.01,
6,201709070051,0.05,
7,201709070151,0.11,
8,201709070200,0.01,
9,201709070251,0.13,
10,201709070256,0,
11,201709070351,0.04,
12,201709070451,0.02,
13,201709070551,0,
14,201709070651,0,
15,201709070751,0.01,
16,201709070851,0,
17,201709070951,0,131
18,201709071051,0,
19,201709071151,0,
20,201709071251,0,
21,201709071351,0,
22,201709071451,0,
23,201709071551,0,
24,201709071651,0,
25,201709071751,0,
26,201709071851,0,
27,201709071951,0,
28,201709072051,0,
29,201709072151,0,
30,201709072251,0,
31,201709072351,0,
32,201709080051,0,
33,201709080151,0,
34,201709080251,0,
35,201709080351,0,
36,201709080451,0,
37,201709080551,0,
38,201709080651,0,
39,201709080751,0,
40,201709080851,0,
41,201709080951,0,
42,201709081051,0,
43,201709081151,0,
44,201709081251,0,
45,201709081351,0,
46,201709081451,0,
47,201709081551,0,
48,201709081651,0,
49,201709081751,0,
50,201709081851,0,
51,201709081951,0,
52,201709082051,0,
53,201709082151,0,
54,201709082251,0,
55,201709082351,0,
56,201709090051,0,
57,201709090151,0,
58,201709090251,0,
59,201709090351,0,
60,201709090451,0,
61,201709090551,0,
62,201709090651,0,
63,201709090751,0,
64,201709090851,0,
65,201709090951,0,
66,201709091051,0,
67,201709091151,0,
68,201709091251,0,
69,201709091351,0,
70,201709091451,0,
71,201709091551,0,
72,201709091651,0,
73,201709091751,0,
74,201709091851,0,
75,201709091951,0,
76,201709092051,0,
77,201709092151,0,
78,201709092251,0,
79,201709092351,0,
80,201709100051,0,
81,201709100151,0,
82,201709100251,0,
83,201709100351,0,
84,201709100451,0,
85,201709100551,0,
86,201709100651,0,
87,201709100751,0,
88,201709100851,0,
89,201709100951,0,
90,201709101051,0,
91,201709101151,0,
92,201709101251,0,
93,201709101351,0,
94,201709101451,0,
95,201709101551,0,
96,201709101651,0,
97,201709101751,0,
98,201709101851,0,
99,201709101951,0,
100,201709102051,0,
101,201709102151,0,
102,201709102251,0,
103,201709102351,0,
104,201709110051,0,
105,201709110151,0,
106,201709110251,0,
107,201709110351,0,
108,201709110451,0,
109,201709110551,0,
110,201709110651,0,
111,201709110751,0,
112,201709110851,0,
113,201709110951,0,
114,201709111051,0,
115,201709111151,0,
116,201709111251,0,
117,201709111351,0,
118,201709111451,0,
119,201709111551,0,
120,201709111651,0,
121,201709111751,0,
122,201709111851,0,
123,201709111951,0,
124,201709112051,0,
125,201709112151,0,
126,201709112251,0,
127,201709112351,0,
128,201709120051,0,
129,201709120151,0,
130,201709120251,0,
131,201709120351,0,
132,201709120451,0,
133,201709120551,0,
134,201709120651,0,
135,201709120751,0,
136,201709120851,0,
137,201709120951,0,
138,201709121051,0,
139,201709121151,0,
140,201709121251,0,
141,201709121351,0,
142,201709121451,0,
143,201709121551,0,
144,201709121651,0,
145,201709121751,0,
146,201709121851,0,
147,201709122051,0,
148,201709122151,0,
149,201709122251,0,
150,201709122351,0,
151,201709130051,0,
152,201709130151,0,
153,201709130251,0,
154,201709130351,0,
155,201709130451,0,
156,201709130551,0,
157,201709130651,0,
158,201709130751,0,
159,201709130851,0,
160,201709130951,0,
161,201709131051,0,
162,201709131151,0,
163,201709131251,0,
164,201709131351,0,
165,201709131451,0,
166,201709131551,0,
167,201709131651,0,
168,201709131751,0,
169,201709131851,0,
170,201709131951,0,
171,201709132051,0.06,
172,201709132151,0,
173,201709132251,0,
174,201709132351,0,
175,201709140051,0,
176,201709140151,0,
177,201709140251,0,
178,201709140351,0,
179,201709140451,0,
180,201709140551,0,
181,201709140651,0,
182,201709140751,0,
183,201709140851,0,
184,201709140951,0,1976
185,201709141051,0,
186,201709141151,0,
187,201709141251,0,
188,201709141351,0,
189,201709141451,0,
190,201709141551,0,
191,201709141651,0,
192,201709141751,0,
193,201709141851,0,
194,201709141951,0,
195,201709142051,0.02,
196,201709142151,0,
197,201709142251,0,
198,201709142351,0,
199,201709150051,0,
200,201709150151,0,
201,201709150251,0,
202,201709150351,0,
203,201709150451,0,
204,201709150551,0,
205,201709150651,0,
206,201709150751,0,
207,201709150851,0,
208,201709150951,0,
209,201709151051,0,
210,201709151151,0,
211,201709151251,0,
212,201709151351,0,
213,201709151451,0,
214,201709151551,0,
215,201709151651,0,
216,201709151751,0,
217,201709151851,0,
218,201709151951,0,
219,201709152051,0,
220,201709152151,0,
221,201709152251,0,
222,201709152351,0,
223,201709160051,0,
224,201709160151,0,
225,201709160251,0,
226,201709160351,0,
227,201709160451,0,
228,201709160551,0,
229,201709160651,0,
230,201709160751,0,
231,201709160851,0,
232,201709160951,0,
233,201709161051,0,
234,201709161151,0,
235,201709161251,0,
236,201709161351,0,
237,201709161451,0,
238,201709161551,0,
239,201709161651,0,
240,201709161751,0,
241,201709161851,0,
242,201709161951,0,
243,201709162051,0,
244,201709162151,0,
245,201709162251,0,
246,201709162351,0,
247,201709170051,0,
248,201709170151,0,
249,201709170251,0,
250,201709170351,0,
251,201709170451,0,
252,201709170551,0,
253,201709170651,0,
254,201709170751,0,
255,201709170851,0,
256,201709170951,0,
257,201709171051,0,
258,201709171151,0,
259,201709171251,0,
260,201709171351,0,
261,201709171451,0,
262,201709171551,0,
263,201709171651,0,
264,201709171751,0,
265,201709171851,0,
266,201709171951,0,
267,201709172051,0,
268,201709172151,0,
269,201709172251,0,
270,201709172351,0,
271,201709180051,0,
272,201709180151,0,
273,201709180251,0,
274,201709180351,0,
275,201709180451,0,
276,201709180551,0,
277,201709180651,0,
278,201709180751,0,
279,201709180851,0,
280,201709180951,0,
281,201709181051,0,
282,201709181151,0,
283,201709181251,0,
284,201709181351,0,
285,201709181451,0,
286,201709181551,0,
287,201709181651,0,
288,201709181751,0,
289,201709181851,0,
290,201709181951,0,
291,201709182051,0,
292,201709182151,0,
293,201709182251,0,
294,201709182351,0,
295,201709190051,0,
296,201709190151,0,
297,201709190251,0,
298,201709190351,0,
299,201709190451,0,
300,201709190551,0,
301,201709190651,0,
302,201709190751,0,
303,201709190851,0,
304,201709190951,0,
305,201709191051,0,
306,201709191151,0,
307,201709191251,0,
308,201709191351,0,
309,201709191451,0,
310,201709191551,0,
311,201709191651,0,
312,201709191751,0,
313,201709191851,0,
0,201709191951,0.1,
1,201709192051,0.07,
2,201709192151,0,
3,201709192251,0,
4,201709192351,0.05,
5,201709200051,0,
6,201709200151,0,
7,201709200251,0,
8,201709200351,0,
9,201709200451,0,
10,201709200551,0,
11,201709200651,0,
12,201709200751,0,
13,201709200851,0,
14,201709200951,0,
15,201709201051,0,
16,201709201151,0,
17,201709201251,0,
18,201709201351,0,
19,201709201451,0,
20,201709201551,0,
21,201709201651,0,
22,201709201751,0,
23,201709201851,0,
24,201709201951,0,
25,201709202051,0,
26,201709202151,0,
27,201709202251,0,
28,201709202351,0,
29,201709210051,0,
30,201709210151,0,
31,201709210251,0,
32,201709210351,0,
33,201709210451,0,
34,201709210551,0,
35,201709210651,0,
36,201709210751,0,
37,201709210851,0,
38,201709210951,0,20
39,201709211051,0,
40,201709211151,0,
41,201709211251,0,
42,201709211351,0,
43,201709211451,0,
44,201709211551,0,
45,201709211651,0,
46,201709211751,0,
47,201709211851,0,
48,201709211951,0,
49,201709212051,0,
50,201709212151,0,
51,201709212251,0,
52,201709212351,0,
53,201709220051,0,
54,201709220151,0,
55,201709220251,0,
56,201709220351,0,
57,201709220451,0,
58,201709220551,0,
59,201709220651,0,
60,201709220751,0,
61,201709220851,0,
62,201709220951,0,
63,201709221051,0,
64,201709221151,0,
65,201709221251,0,
66,201709221351,0,
67,201709221451,0,
68,201709221551,0,
69,201709221651,0,
70,201709221751,0,
71,201709221851,0,
72,201709221951,0,
73,201709222051,0,
74,201709222151,0,
75,201709222251,0,
76,201709222351,0,
77,201709230051,0,
78,201709230151,0,
79,201709230251,0,
80,201709230351,0,
81,201709230451,0,
82,201709230551,0,
83,201709230651,0,
84,201709230751,0,
85,201709230851,0,
86,201709230951,0,
87,201709231051,0,
88,201709231151,0,
89,201709231251,0,
90,201709231351,0,
91,201709231451,0,
92,201709231551,0,
93,201709231651,0,
94,201709231751,0,
95,201709231851,0,
96,201709231951,0,
97,201709232051,0,
98,201709232151,0,
99,201709232251,0,
100,201709232351,0,
101,201709240051,0,
102,201709240151,0,
103,201709240251,0,
104,201709240351,0,
105,201709240451,0,
106,201709240551,0,
107,201709240651,0,
108,201709240751,0,
109,201709240851,0,
110,201709240951,0,
111,201709241051,0,
112,201709241151,0,
113,201709241251,0,
114,201709241351,0,
115,201709241451,0,
116,201709241551,0,
117,201709241651,0,
118,201709241751,0,
119,201709241851,0,
120,201709241951,0,
121,201709242051,0,
122,201709242151,0,
123,201709242251,0,
124,201709242351,0,
125,201709250051,0,
126,201709250151,0,
127,201709250251,0,
128,201709250351,0,
129,201709250451,0,
130,201709250551,0,
131,201709250651,0,
132,201709250751,0,
133,201709250851,0,
134,201709250951,0,
135,201709251051,0,
136,201709251151,0,
137,201709251251,0,
138,201709251351,0,
139,201709251451,0,
140,201709251551,0,
141,201709251651,0,
142,201709251751,0,
143,201709251851,0,
144,201709251951,0,
145,201709252051,0,
146,201709252151,0,
147,201709252251,0,
148,201709252351,0,
149,201709260051,0,
150,201709260151,0,
151,201709260251,0,
152,201709260351,0,
153,201709260451,0,
154,201709260551,0,
155,201709260651,0,
156,201709260751,0,
157,201709260851,0,
158,201709260951,0,
159,201709261051,0,
160,201709261151,0,
161,201709261251,0,
162,201709261351,0,
163,201709261451,0,
164,201709261551,0,
165,201709261651,0,
166,201709261751,0,
167,201709261851,0,
168,201709261951,0,
169,201709262051,0,
170,201709262151,0,
171,201709262251,0,
172,201709262351,0,
173,201709270051,0,
174,201709270151,0,
175,201709270251,0,
176,201709270351,0,
177,201709270451,0,
178,201709270551,0,
179,201709270651,0,
180,201709270751,0,
181,201709270851,0,
182,201709270951,0,
183,201709271051,0,
184,201709271151,0,
185,201709271251,0,
186,201709271351,0,
187,201709271451,0,
188,201709271551,0,
189,201709271651,0,
190,201709271751,0,
191,201709271851,0,
192,201709271951,0,
193,201709272051,0,
194,201709272151,0,
195,201709272251,0,
196,201709272351,0,
197,201709280051,0,
198,201709280151,0,
199,201709280251,0,
200,201709280351,0,
201,201709280451,0,
202,201709280551,0,
203,201709280651,0,
204,201709280751,0,
205,201709280851,0,
206,201709280951,0,5
207,201709281051,0,
208,201709281151,0,
209,201709281251,0,
210,201709281351,0,
211,201709281451,0,
212,201709281551,0,
213,201709281651,0,
214,201709281751,0,
215,201709281851,0,
216,201709281951,0,
217,201709282051,0,
218,201709282151,0,
219,201709282251,0,
220,201709282351,0,
221,201709290051,0,
222,201709290151,0,
223,201709290251,0,
224,201709290351,0,
225,201709290451,0,
226,201709290551,0,
227,201709290651,0,
228,201709290751,0,
229,201709290851,0,
230,201709290951,0,
231,201709291051,0,
232,201709291151,0,
233,201709291251,0,
234,201709291351,0,
235,201709291451,0,
236,201709291551,0,
237,201709291651,0,
238,201709291751,0,
239,201709291851,0,
240,201709291951,0,
241,201709292051,0,
242,201709292151,0,
243,201709292251,0,
244,201709292351,0,
245,201709300051,0,
246,201709300151,0,
247,201709300251,0,
248,201709300351,0,
249,201709300451,0,
250,201709300551,0,
251,201709300651,0,
252,201709300751,0,
253,201709300851,0,
254,201709300951,0,
255,201709301051,0,
256,201709301151,0,
257,201709301251,0,
258,201709301351,0,
259,201709301451,0,
260,201709301551,0,
261,201709301651,0,
262,201709301751,0,
263,201709301851,0,
264,201709301951,0,
265,201709302051,0,
266,201709302151,0,
267,201709302251,0,
268,201709302351,0,
